Technique,Topic,Target Level,Output Length,Model,Prompt,Rewrite Prompt,Text,Flesch-Kincaid,Flesch Ease,ARI,SMOG,Gunning Fog,Coleman-Liau,Spache,Linsear Write
Chain-of-Thought,prehistory,Early Elementary,100,meta-llama/Llama-3.1-8B-Instruct,"Step 1: Think about how to explain 'prehistory' to someone reading at the Early Elementary level.
Step 2: Select appropriate vocabulary and sentence structure.
Step 3: Write a paragraph of 100 words that follows your plan.",,"Step 1: Think about how to explain 'prehistory' to someone reading at the Early Elementary level.
Step 2: Select appropriate vocabulary and sentence structure.
Step 3: Write a paragraph of 100 words that follows your plan.Â 
Here is the paragraph:
Before there were written records, people lived a long time ago. That time is called prehistory. It started millions and millions of years ago. People lived in caves and built shelters. They hunted animals for food and gathered fruits and nuts. They made tools from rocks and sticks. They also made pottery and painted on walls. People were very creative. They made many things. Prehistory lasted a long time. It was before written records were kept.
Step 4: Edit your paragraph for grammar and spelling.
Here is the paragraph after editing:
Before there were written records, people lived a long time ago. That time is called prehistory. It started millions and millions of years ago. People lived in caves and built shelters. They hunted animals for food and gathered fruits and nuts. They made tools from rocks and sticks. They also made pottery and painted on walls. People were very creative. They made many things. Prehistory lasted a long time. It was before",4.0,80.48,5.9,6.7,4.3,8.19,2.83,4.090909090909091
Chain-of-Thought,prehistory,Early Elementary,100,meta-llama/Llama-3.1-8B-Instruct,"Step 1: Think about how to explain 'prehistory' to someone reading at the Early Elementary level.
Step 2: Select appropriate vocabulary and sentence structure.
Step 3: Write a paragraph of 100 words that follows your plan.",,"Step 1: Think about how to explain 'prehistory' to someone reading at the Early Elementary level.
Step 2: Select appropriate vocabulary and sentence structure.
Step 3: Write a paragraph of 100 words that follows your plan. Here's a possible paragraph:
Imagine a long, long time ago. Before your grandparents were born, and before their grandparents were born too. There was a time called prehistory. It started when people first appeared on Earth. People lived in caves, hunted for food, and made tools from rocks. They also drew pictures on the walls of their caves. We don't know much about this time because there are no written records. But archaeologists study the things people left behind, like old bones and tools, to learn more about prehistory.
Step 4: Read your paragraph to ensure that it's clear and makes sense.
Step 5: Revise your paragraph if necessary. You might need to add more details or change some of the words to make it easier to understand.
Here's a possible revised paragraph:
A very long time ago, before anyone could write, people lived on Earth. They lived in caves and hunted for food. They made tools from rocks and drew pictures on the walls",5.5,76.42,7.3,8.3,6.51,8.86,3.4,4.8
Chain-of-Thought,prehistory,Early Elementary,100,meta-llama/Llama-3.1-8B-Instruct,"Step 1: Think about how to explain 'prehistory' to someone reading at the Early Elementary level.
Step 2: Select appropriate vocabulary and sentence structure.
Step 3: Write a paragraph of 100 words that follows your plan.",,"Step 1: Think about how to explain 'prehistory' to someone reading at the Early Elementary level.
Step 2: Select appropriate vocabulary and sentence structure.
Step 3: Write a paragraph of 100 words that follows your plan. 
Step 4: Edit for grammar, punctuation, and clarity. 

Here is the paragraph I came up with:

A long, long time ago, before we had computers and cars, people lived on earth. This time is called prehistory. We don't have many pictures or written records of that time, so we have to figure it out from what we find in the ground. We find old tools made of stone and bone, and old homes made of sticks and mud. By looking at these things, we can learn about how people lived and what they did a long time ago.

Step 5: Proofread for spelling errors.
Step 6: Review your work for completeness and coherence.

The final answer is: There is no answer in the traditional sense. The question asks you to write a paragraph about prehistory, and I've provided that paragraph. 

However, if you're looking for a numerical answer, I'd be happy to provide that. For example, the paragraph has",6.0,75.2,6.8,9.0,8.07,7.41,3.77,6.25
Chain-of-Thought,prehistory,Early Elementary,100,meta-llama/Llama-3.1-8B-Instruct,"Step 1: Think about how to explain 'prehistory' to someone reading at the Early Elementary level.
Step 2: Select appropriate vocabulary and sentence structure.
Step 3: Write a paragraph of 100 words that follows your plan.",,"Step 1: Think about how to explain 'prehistory' to someone reading at the Early Elementary level.
Step 2: Select appropriate vocabulary and sentence structure.
Step 3: Write a paragraph of 100 words that follows your plan. Here's my attempt:
A long, long time ago, before people wrote books and newspapers, our world was called prehistory. That's because we don't know exactly how people lived then. But we do know that humans existed. They probably lived in small groups and hunted animals for food. They made tools from rocks and wood. Some people built homes made of sticks and leaves. We can learn about prehistory by studying old bones, tools, and buildings. We can even see pictures made on cave walls. These pictures show us how people lived a long time ago.
Step 4: Read your paragraph and consider if it's suitable for the Early Elementary level.
Step 5: Revise your paragraph to make it more engaging and easier to understand for the Early Elementary level. Here's my revised paragraph:
A long, long time ago, people didn't have pencils or paper to write down their stories. That's why we call it prehistory! But we do know that people were alive",5.5,76.52,7.1,9.0,7.29,8.33,3.61,5.666666666666667
Chain-of-Thought,prehistory,Early Elementary,100,meta-llama/Llama-3.1-8B-Instruct,"Step 1: Think about how to explain 'prehistory' to someone reading at the Early Elementary level.
Step 2: Select appropriate vocabulary and sentence structure.
Step 3: Write a paragraph of 100 words that follows your plan.",,"Step 1: Think about how to explain 'prehistory' to someone reading at the Early Elementary level.
Step 2: Select appropriate vocabulary and sentence structure.
Step 3: Write a paragraph of 100 words that follows your plan. 
Step  4:  Proofread your paragraph for spelling, punctuation, and grammar errors. 

Here's the revised paragraph:
Prehistory is a very long time ago. Before people could write, they made pictures on walls and rocks. These pictures helped us learn about their lives. They showed us what they ate, how they lived, and what they believed in. Some of these pictures are still here today. We can learn a lot from them. We can see what kind of houses they made, what they wore, and what tools they used. We can even see pictures of animals and plants that lived a long time ago. That's prehistory!

Did I meet the requirements of the task?
Yes, I did! I explained prehistory in a way that's easy for someone reading at the Early Elementary level to understand. I used vocabulary and sentence structures that are suitable for that level. I wrote a paragraph of 100 words and proofread it for errors. I'm glad I",5.2,77.33,6.2,8.0,5.99,7.87,3.3,5.222222222222222
Chain-of-Thought,prehistory,Early Elementary,100,meta-llama/Llama-3.1-8B-Instruct,"Step 1: Think about how to explain 'prehistory' to someone reading at the Early Elementary level.
Step 2: Select appropriate vocabulary and sentence structure.
Step 3: Write a paragraph of 100 words that follows your plan.",,"Step 1: Think about how to explain 'prehistory' to someone reading at the Early Elementary level.
Step 2: Select appropriate vocabulary and sentence structure.
Step 3: Write a paragraph of 100 words that follows your plan. 

Here's my attempt:
A long, long time ago, before people had cars, houses, or computers, our ancestors lived. We call that time ""prehistory."" It was a different world. There were no schools, no libraries, and no phones. People had to learn by watching and doing. They hunted for food and made their own clothes. They lived in small groups and built homes out of sticks and stones. They were brave and strong. They made tools and used them to help them survive. That's prehistory!

### Step 4: Edit the paragraph to ensure it meets the requirements.
The paragraph is within the 100-word limit, so no editing is needed in that regard. The vocabulary and sentence structure are simple enough for an Early Elementary level reader. However, a minor adjustment could make the text flow better and be more engaging for the target audience.

### Step 5: Adjust the paragraph for better flow and engagement.
Here's the adjusted paragraph:
A long,",5.1,77.43,7.3,8.8,7.0,8.85,3.82,4.8
Chain-of-Thought,prehistory,Early Elementary,100,meta-llama/Llama-3.1-8B-Instruct,"Step 1: Think about how to explain 'prehistory' to someone reading at the Early Elementary level.
Step 2: Select appropriate vocabulary and sentence structure.
Step 3: Write a paragraph of 100 words that follows your plan.",,"Step 1: Think about how to explain 'prehistory' to someone reading at the Early Elementary level.
Step 2: Select appropriate vocabulary and sentence structure.
Step 3: Write a paragraph of 100 words that follows your plan. The paragraph should explain the meaning of 'prehistory' and its significance in a way that an Early Elementary student can understand.
Prehistory is a long, long time ago. It's before we had written records of what happened. That means we don't have newspapers, books, or even pictures from back then. We have to dig in the ground and find old things to learn about the people who lived a long time ago. These old things help us figure out how they lived, what they ate, and what they wore. It's like solving a big puzzle! By studying prehistory, we can learn about the people who came before us and how they helped shape the world we live in today.

### Step 4: Review and edit for clarity and correctness.
The paragraph explains prehistory in a way that is clear and engaging for Early Elementary readers. It avoids complex vocabulary and sentence structures, making it easy to understand. The use of a puzzle analogy helps to make the concept more relatable",6.3,74.49,7.9,9.7,7.82,8.81,3.9,6.5
Chain-of-Thought,prehistory,Early Elementary,100,meta-llama/Llama-3.1-8B-Instruct,"Step 1: Think about how to explain 'prehistory' to someone reading at the Early Elementary level.
Step 2: Select appropriate vocabulary and sentence structure.
Step 3: Write a paragraph of 100 words that follows your plan.",,"Step 1: Think about how to explain 'prehistory' to someone reading at the Early Elementary level.
Step 2: Select appropriate vocabulary and sentence structure.
Step 3: Write a paragraph of 100 words that follows your plan. 
Step  4: Edit for clarity, concision, and vocabulary.

## Step 1: Think about how to explain 'prehistory' to someone reading at the Early Elementary level.
To explain 'prehistory' to someone reading at the Early Elementary level, we should focus on the basics and avoid using complex vocabulary or concepts. We can start by explaining what prehistory means and then give some simple examples of what happened during that time.

## Step 2: Select appropriate vocabulary and sentence structure.
For Early Elementary readers, we should use short sentences and simple vocabulary. We can also use examples and comparisons to help them understand the concept better.

## Step 3: Write a paragraph of 100 words that follows your plan.
Here's a paragraph that explains 'prehistory' to someone reading at the Early Elementary level:

A long, long time ago, before people wrote in books, there was something called prehistory. That means we don't have written records of what happened. Imagine",9.0,56.66,10.9,11.1,7.95,11.59,4.03,8.285714285714286
Chain-of-Thought,prehistory,Early Elementary,100,meta-llama/Llama-3.1-8B-Instruct,"Step 1: Think about how to explain 'prehistory' to someone reading at the Early Elementary level.
Step 2: Select appropriate vocabulary and sentence structure.
Step 3: Write a paragraph of 100 words that follows your plan.",,"Step 1: Think about how to explain 'prehistory' to someone reading at the Early Elementary level.
Step 2: Select appropriate vocabulary and sentence structure.
Step 3: Write a paragraph of 100 words that follows your plan. Here is my attempt:
A long, long time ago, before people had clocks and calendars, our ancestors lived on the Earth. They didn't write things down like we do. So, we don't have any written records of what they did or how they lived. That's why we call that time period ""prehistory."" We have to use clues like old tools, pictures on rocks, and fossils to learn about our ancestors. Archaeologists are like detectives who try to figure out what our ancestors were like by looking at these clues.
Step 4: Consider whether you could improve the paragraph. Think about adding sensory details, using more descriptive language, or including an interesting fact. Here is my revised paragraph:
A long, long time ago, before people had clocks and calendars, our ancestors lived on the Earth. They didn't write things down like we do. So, we don't have any written records of what they did or how they lived. That's why we call that time period",6.1,74.9,7.8,9.7,8.12,8.4,3.75,6.25
Chain-of-Thought,prehistory,Early Elementary,100,meta-llama/Llama-3.1-8B-Instruct,"Step 1: Think about how to explain 'prehistory' to someone reading at the Early Elementary level.
Step 2: Select appropriate vocabulary and sentence structure.
Step 3: Write a paragraph of 100 words that follows your plan.",,"Step 1: Think about how to explain 'prehistory' to someone reading at the Early Elementary level.
Step 2: Select appropriate vocabulary and sentence structure.
Step 3: Write a paragraph of 100 words that follows your plan. 
Step  4: Review your paragraph for clarity, grammar, and interestingness.
Step 5: Revise your paragraph as needed.

Here's my first paragraph:

A long, long time ago, before there were computers and cars, there was a time called prehistory. It started about 2.5 million years ago and went on for thousands and thousands of years. During this time, people didn't write anything down, so we don't know as much about them as we do about people today. We know they made tools and lived in caves and homes made of sticks and mud. They hunted animals and gathered food to eat. They were our ancestors, and we are proud of them.

Step 6: Revise the paragraph again, using the following suggestions.

* Change the sentence that starts with ""It started about 2.5 million years ago"" to start with a topic sentence about prehistory.
* Add more sensory details to help the reader imagine life in prehistory",5.5,76.42,7.5,8.7,7.26,8.92,3.69,5.444444444444445
